experience_level,employment_type_Full-Time,employment_type_Intern,employment_type_None,employment_type_Part-Time,remote_ratio_50,remote_ratio_100,company_location,years_experience,bonus,stock_options,total_salary,salary_in_usd,conversion_rate,bonus_ratio,usd_per_year_experience,adjusted_total_usd,cluster_label,Predicted_Salary
0.4456218963,-0.478660596,-0.474548469,-0.591755199,-0.478958985,-0.712659287,-0.703028486,-0.733357531,0.12836423,-0.348763408,0.172832917,-0.213987141,-0.846521228,0.336757606,-0.126334702,-0.345112337,-0.244234508,0,-0.21949300483765108
-0.449210369,2.089162986,-0.474548469,-0.591755199,-0.478958985,1.403195071,-0.703028486,0.443387515,0.823986662,1.158946214,-0.096716579,1.103260823,1.13281234,0.336757606,0.289340223,0.394711728,0.672334918,2,-0.20464801745609126
-0.449210369,-0.478660596,2.107266307,-0.591755199,-0.478958985,-0.712659287,1.422417469,-1.251039785,-0.33176878,0.332452889,-0.145883943,-0.225319824,-1.013552344,-1.756429564,-0.204917775,-0.400121482,-1.031028212,1,-0.22067925810550804
0.4456218963,-0.478660596,-0.474548469,1.689887982,-0.478958985,-0.712659287,1.422417469,0.443387515,1.319881853,-1.021263707,0.739441006,1.648321923,1.710482259,0.606846273,0.455235819,0.420050123,0.815660143,4,-0.22114984466795878
-0.449210369,-0.478660596,-0.474548469,-0.591755199,2.08890194,-0.712659287,-0.703028486,-0.733357531,-0.166803717,-0.470205214,-1.209008161,-0.67891572,-1.307828422,-1.756429564,-0.285670173,-0.390098546,-1.454980769,0,-0.21946931131912498
